Team ID,Team Name,Conference,Image
103,Boston College,ACC,https://a.espncdn.com/i/teamlogos/ncaa/500/103.png
25,Cal,ACC,https://a.espncdn.com/i/teamlogos/ncaa/500/25.png
228,Clemson,ACC,https://a.espncdn.com/i/teamlogos/ncaa/500/228.png
150,Duke,ACC,https://a.espncdn.com/i/teamlogos/ncaa/500/150.png
52,Florida State,ACC,https://a.espncdn.com/i/teamlogos/ncaa/500/52.png
59,Georgia Tech,ACC,https://a.espncdn.com/i/teamlogos/ncaa/500/59.png
97,Louisville,ACC,https://a.espncdn.com/i/teamlogos/ncaa/500/97.png
2390,Miami,ACC,https://a.espncdn.com/i/teamlogos/ncaa/500/2390.png
153,North Carolina,ACC,https://a.espncdn.com/i/teamlogos/ncaa/500/153.png
152,NC State,ACC,https://a.espncdn.com/i/teamlogos/ncaa/500/152.png
221,Pitt,ACC,https://a.espncdn.com/i/teamlogos/ncaa/500/221.png
2567,SMU,ACC,https://a.espncdn.com/i/teamlogos/ncaa/500/2567.png
24,Stanford,ACC,https://a.espncdn.com/i/teamlogos/ncaa/500/24.png
183,Syracuse,ACC,https://a.espncdn.com/i/teamlogos/ncaa/500/183.png
258,Virginia,ACC,https://a.espncdn.com/i/teamlogos/ncaa/500/258.png
259,Virginia Tech,ACC,https://a.espncdn.com/i/teamlogos/ncaa/500/259.png
154,Wake Forest,ACC,https://a.espncdn.com/i/teamlogos/ncaa/500/154.png
356,Illinois,Big Ten,https://a.espncdn.com/i/teamlogos/ncaa/500/356.png
84,Indiana,Big Ten,https://a.espncdn.com/i/teamlogos/ncaa/500/84.png
2294,Iowa,Big Ten,https://a.espncdn.com/i/teamlogos/ncaa/500/2294.png
120,Maryland,Big Ten,https://a.espncdn.com/i/teamlogos/ncaa/500/120.png
130,Michigan,Big Ten,https://a.espncdn.com/i/teamlogos/ncaa/500/130.png
127,Michigan State,Big Ten,https://a.espncdn.com/i/teamlogos/ncaa/500/127.png
135,Minnesota,Big Ten,https://a.espncdn.com/i/teamlogos/ncaa/500/135.png
158,Nebraska,Big Ten,https://a.espncdn.com/i/teamlogos/ncaa/500/158.png
77,Northwestern,Big Ten,https://a.espncdn.com/i/teamlogos/ncaa/500/77.png
194,Ohio State,Big Ten,https://a.espncdn.com/i/teamlogos/ncaa/500/194.png
2483,Oregon,Big Ten,https://a.espncdn.com/i/teamlogos/ncaa/500/2483.png
213,Penn State,Big Ten,https://a.espncdn.com/i/teamlogos/ncaa/500/213.png
2509,Purdue,Big Ten,https://a.espncdn.com/i/teamlogos/ncaa/500/2509.png
164,Rutgers,Big Ten,https://a.espncdn.com/i/teamlogos/ncaa/500/164.png
26,UCLA,Big Ten,https://a.espncdn.com/i/teamlogos/ncaa/500/26.png
30,USC,Big Ten,https://a.espncdn.com/i/teamlogos/ncaa/500/30.png
264,Washington,Big Ten,https://a.espncdn.com/i/teamlogos/ncaa/500/264.png
275,Wisconsin,Big Ten,https://a.espncdn.com/i/teamlogos/ncaa/500/275.png
12,Arizona,Big 12,https://a.espncdn.com/i/teamlogos/ncaa/500/12.png
9,Arizona State,Big 12,https://a.espncdn.com/i/teamlogos/ncaa/500/9.png
239,Baylor,Big 12,https://a.espncdn.com/i/teamlogos/ncaa/500/239.png
252,BYU,Big 12,https://a.espncdn.com/i/teamlogos/ncaa/500/252.png
2116,UCF,Big 12,https://a.espncdn.com/i/teamlogos/ncaa/500/2116.png
2132,Cincinnati,Big 12,https://a.espncdn.com/i/teamlogos/ncaa/500/2132.png
38,Colorado,Big 12,https://a.espncdn.com/i/teamlogos/ncaa/500/38.png
248,Houston,Big 12,https://a.espncdn.com/i/teamlogos/ncaa/500/248.png
66,Iowa State,Big 12,https://a.espncdn.com/i/teamlogos/ncaa/500/66.png
2305,Kansas,Big 12,https://a.espncdn.com/i/teamlogos/ncaa/500/2305.png
2306,Kansas State,Big 12,https://a.espncdn.com/i/teamlogos/ncaa/500/2306.png
197,Oklahoma State,Big 12,https://a.espncdn.com/i/teamlogos/ncaa/500/197.png
2628,TCU,Big 12,https://a.espncdn.com/i/teamlogos/ncaa/500/2628.png
2641,Texas Tech,Big 12,https://a.espncdn.com/i/teamlogos/ncaa/500/2641.png
254,Utah,Big 12,https://a.espncdn.com/i/teamlogos/ncaa/500/254.png
277,West Virginia,Big 12,https://a.espncdn.com/i/teamlogos/ncaa/500/277.png
333,Alabama,SEC,https://a.espncdn.com/i/teamlogos/ncaa/500/333.png
8,Arkansas,SEC,https://a.espncdn.com/i/teamlogos/ncaa/500/8.png
2,Auburn,SEC,https://a.espncdn.com/i/teamlogos/ncaa/500/2.png
57,Florida,SEC,https://a.espncdn.com/i/teamlogos/ncaa/500/57.png
61,Georgia,SEC,https://a.espncdn.com/i/teamlogos/ncaa/500/61.png
96,Kentucky,SEC,https://a.espncdn.com/i/teamlogos/ncaa/500/96.png
99,LSU,SEC,https://a.espncdn.com/i/teamlogos/ncaa/500/99.png
344,Mississippi State,SEC,https://a.espncdn.com/i/teamlogos/ncaa/500/344.png
142,Missouri,SEC,https://a.espncdn.com/i/teamlogos/ncaa/500/142.png
201,Oklahoma,SEC,https://a.espncdn.com/i/teamlogos/ncaa/500/201.png
145,Ole Miss,SEC,https://a.espncdn.com/i/teamlogos/ncaa/500/145.png
2579,South Carolina,SEC,https://a.espncdn.com/i/teamlogos/ncaa/500/2579.png
2633,Tennessee,SEC,https://a.espncdn.com/i/teamlogos/ncaa/500/2633.png
251,Texas,SEC,https://a.espncdn.com/i/teamlogos/ncaa/500/251.png
245,Texas A&M,SEC,https://a.espncdn.com/i/teamlogos/ncaa/500/245.png
238,Vanderbilt,SEC,https://a.espncdn.com/i/teamlogos/ncaa/500/238.png
68,Boise State,Pac-12,https://a.espncdn.com/i/teamlogos/ncaa/500/68.png
36,Colorado State,Pac-12,https://a.espncdn.com/i/teamlogos/ncaa/500/36.png
278,Fresno State,Pac-12,https://a.espncdn.com/i/teamlogos/ncaa/500/278.png
204,Oregon State,Pac-12,https://a.espncdn.com/i/teamlogos/ncaa/500/204.png
21,San Diego State,Pac-12,https://a.espncdn.com/i/teamlogos/ncaa/500/21.png
326,Texas State,Pac-12,https://a.espncdn.com/i/teamlogos/ncaa/500/326.png
328,Utah State,Pac-12,https://a.espncdn.com/i/teamlogos/ncaa/500/328.png
265,Washington State,Pac-12,https://a.espncdn.com/i/teamlogos/ncaa/500/265.png
87,Notre Dame,FBS Independent,https://a.espncdn.com/i/teamlogos/ncaa/500/87.png
41,UConn,FBS Independent,https://a.espncdn.com/i/teamlogos/ncaa/500/41.png
349,Army,American Athletic,https://a.espncdn.com/i/teamlogos/ncaa/500/349.png
2429,Charlotte,American Athletic,https://a.espncdn.com/i/teamlogos/ncaa/500/2429.png
151,East Carolina,American Athletic,https://a.espncdn.com/i/teamlogos/ncaa/500/151.png
2226,FAU,American Athletic,https://a.espncdn.com/i/teamlogos/ncaa/500/2226.png
235,Memphis,American Athletic,https://a.espncdn.com/i/teamlogos/ncaa/500/235.png
2426,Navy,American Athletic,https://a.espncdn.com/i/teamlogos/ncaa/500/2426.png
249,North Texas,American Athletic,https://a.espncdn.com/i/teamlogos/ncaa/500/249.png
242,Rice,American Athletic,https://a.espncdn.com/i/teamlogos/ncaa/500/242.png
58,South Florida,American Athletic,https://a.espncdn.com/i/teamlogos/ncaa/500/58.png
218,Temple,American Athletic,https://a.espncdn.com/i/teamlogos/ncaa/500/218.png
2655,Tulane,American Athletic,https://a.espncdn.com/i/teamlogos/ncaa/500/2655.png
202,Tulsa,American Athletic,https://a.espncdn.com/i/teamlogos/ncaa/500/202.png
5,UAB,American Athletic,https://a.espncdn.com/i/teamlogos/ncaa/500/5.png
2636,UTSA,American Athletic,https://a.espncdn.com/i/teamlogos/ncaa/500/2636.png
48,Delaware,Conference USA,https://a.espncdn.com/i/teamlogos/ncaa/500/48.png
2229,FIU,Conference USA,https://a.espncdn.com/i/teamlogos/ncaa/500/2229.png
55,Jacksonville State,Conference USA,https://a.espncdn.com/i/teamlogos/ncaa/500/55.png
338,Kennesaw State,Conference USA,https://a.espncdn.com/i/teamlogos/ncaa/500/338.png
2335,Liberty,Conference USA,https://a.espncdn.com/i/teamlogos/ncaa/500/2335.png
2393,Middle Tennessee,Conference USA,https://a.espncdn.com/i/teamlogos/ncaa/500/2393.png
2623,Missouri State,Conference USA,https://a.espncdn.com/i/teamlogos/ncaa/500/2623.png
166,New Mexico State,Conference USA,https://a.espncdn.com/i/teamlogos/ncaa/500/166.png
2534,Sam Houston,Conference USA,https://a.espncdn.com/i/teamlogos/ncaa/500/2534.png
98,Western Kentucky,Conference USA,https://a.espncdn.com/i/teamlogos/ncaa/500/98.png
2006,Akron,MAC,https://a.espncdn.com/i/teamlogos/ncaa/500/2006.png
2050,Ball State,MAC,https://a.espncdn.com/i/teamlogos/ncaa/500/2050.png
189,Bowling Green,MAC,https://a.espncdn.com/i/teamlogos/ncaa/500/189.png
2084,Buffalo,MAC,https://a.espncdn.com/i/teamlogos/ncaa/500/2084.png
2117,Central Michigan,MAC,https://a.espncdn.com/i/teamlogos/ncaa/500/2117.png
2199,Eastern Michigan,MAC,https://a.espncdn.com/i/teamlogos/ncaa/500/2199.png
2309,Kent State,MAC,https://a.espncdn.com/i/teamlogos/ncaa/500/2309.png
193,Miami (OH),MAC,https://a.espncdn.com/i/teamlogos/ncaa/500/193.png
195,Ohio,MAC,https://a.espncdn.com/i/teamlogos/ncaa/500/195.png
16,Sacramento State,MAC,https://a.espncdn.com/i/teamlogos/ncaa/500/16.png
2649,Toledo,MAC,https://a.espncdn.com/i/teamlogos/ncaa/500/2649.png
113,UMass,MAC,https://a.espncdn.com/i/teamlogos/ncaa/500/113.png
2711,Western Michigan,MAC,https://a.espncdn.com/i/teamlogos/ncaa/500/2711.png
2005,Air Force,Mountain West,https://a.espncdn.com/i/teamlogos/ncaa/500/2005.png
62,Hawaii,Mountain West,https://a.espncdn.com/i/teamlogos/ncaa/500/62.png
2440,Nevada,Mountain West,https://a.espncdn.com/i/teamlogos/ncaa/500/2440.png
167,New Mexico,Mountain West,https://a.espncdn.com/i/teamlogos/ncaa/500/167.png
2449,North Dakota State,Mountain West,https://a.espncdn.com/i/teamlogos/ncaa/500/2449.png
2459,Northern Illinois,Mountain West,https://a.espncdn.com/i/teamlogos/ncaa/500/2459.png
23,San Jose State,Mountain West,https://a.espncdn.com/i/teamlogos/ncaa/500/23.png
2439,UNLV,Mountain West,https://a.espncdn.com/i/teamlogos/ncaa/500/2439.png
2638,UTEP,Mountain West,https://a.espncdn.com/i/teamlogos/ncaa/500/2638.png
2751,Wyoming,Mountain West,https://a.espncdn.com/i/teamlogos/ncaa/500/2751.png
2026,Appalachian State,Sun Belt,https://a.espncdn.com/i/teamlogos/ncaa/500/2026.png
2032,Arkansas State,Sun Belt,https://a.espncdn.com/i/teamlogos/ncaa/500/2032.png
324,Coastal Carolina,Sun Belt,https://a.espncdn.com/i/teamlogos/ncaa/500/324.png
290,Georgia Southern,Sun Belt,https://a.espncdn.com/i/teamlogos/ncaa/500/290.png
2247,Georgia State,Sun Belt,https://a.espncdn.com/i/teamlogos/ncaa/500/2247.png
256,James Madison,Sun Belt,https://a.espncdn.com/i/teamlogos/ncaa/500/256.png
309,Louisiana,Sun Belt,https://a.espncdn.com/i/teamlogos/ncaa/500/309.png
2348,Louisiana Tech,Sun Belt,https://a.espncdn.com/i/teamlogos/ncaa/500/2348.png
276,Marshall,Sun Belt,https://a.espncdn.com/i/teamlogos/ncaa/500/276.png
295,Old Dominion,Sun Belt,https://a.espncdn.com/i/teamlogos/ncaa/500/295.png
6,South Alabama,Sun Belt,https://a.espncdn.com/i/teamlogos/ncaa/500/6.png
2572,Southern Miss,Sun Belt,https://a.espncdn.com/i/teamlogos/ncaa/500/2572.png
2653,Troy,Sun Belt,https://a.espncdn.com/i/teamlogos/ncaa/500/2653.png
2433,UL Monroe,Sun Belt,https://a.espncdn.com/i/teamlogos/ncaa/500/2433.png
